./snapshots/snapshot-6296efb2-b7dc-4039-b887-389890d20772.jpg, https://www.oracle.com/cloud/
./snapshots/snapshot-88e5f34b-bd9f-444d-8aa0-2427c40f17d1.jpg, https://www.oracle.com/cloud/
./snapshots/snapshot-88e178bb-e491-4199-9bb0-442faf99404c.jpg, https://www.oracle.com/cloud/
./snapshots/snapshot-9872ce28-202c-4417-b30e-0a5a2cb6c580.jpg, https://www.oracle.com/cloud/
./snapshots/snapshot-a1ef4b5f-8c89-47ec-968b-4e1b3e9be6ce.jpg, https://www.oracle.com/cloud/
./snapshots/snapshot-bbd6beae-d12b-484d-8f51-0c9af5216ea9.jpg, https://www.oracle.com/cloud/
./snapshots/snapshot-bda5f9fc-3931-4c98-a0dc-020c7ecb94ef.jpg, https://www.oracle.com/cloud/
./snapshots/snapshot-780c7662-661b-43df-b559-292d318417d7.jpg, https://www.oracle.com/cloud/
./snapshots/snapshot-0c4cd92a-1649-4828-a510-79f9b9cd3ab8.jpg, https://www.oracle.com/cloud/
./snapshots/snapshot-cfe570d3-5790-4b0d-8fcb-09641f339708.jpg, https://www.oracle.com/cloud/
./snapshots/snapshot-e278f02a-a3c5-4da6-92fc-0c472b14a392.jpg, https://www.oracle.com/cloud/
./snapshots/snapshot-0c50a983-44ae-410f-b1b7-da84c882345e.jpg, https://www.oracle.com/cloud/
./snapshots/snapshot-65736de4-42b7-43ee-9798-123e82c39524.jpg, https://www.oracle.com/cloud/
./snapshots/snapshot-014ea649-0311-4d21-8262-20cf0efab045.jpg, https://www.oracle.com/cloud/
./snapshots/snapshot-e0e13d30-4e9d-4d59-a3e5-e6ea91d77643.jpg, https://www.oracle.com/cloud/
./snapshots/snapshot-1ac6e0eb-c070-4d64-af90-aa52b9a2e427.jpg, https://www.oracle.com/cloud/
./snapshots/snapshot-0a4522c9-5a09-4f14-8e31-2c37f194c613.jpg, https://www.oracle.com/cloud/
